,Date & Time,Type,Text,Sources,Targets,Event_Communication,Event_Monitoring,Findings
254,2040-10-05 09:44:00,Communication,"Haacklee Harbor to Nadia Conti. Following your visit yesterday regarding the Nemo Reef event logistics, we've prepared the necessary documentation. Harbor staff is ready to facilitate the special access corridor arrangements as discussed. Please confirm timeline for implementation.",Haacklee Harbor (Location),Nadia Conti (Person),Event_Communication_330,Relationship_AccessPermission_181,
255,2040-10-05 09:45:00,Communication,"Haacklee Harbor, this is Nadia Conti. I need to cancel the special access corridor arrangements for Nemo Reef immediately. Plans have changed due to unforeseen circumstances. Destroy all related documentation. I'll contact you when we're ready to proceed with alternative locations.",Nadia Conti (Person),Haacklee Harbor (Location),Event_Communication_331,Relationship_AccessPermission_181,
257,2040-10-05 09:48:00,Communication,"Ms. Conti, this is Oceanus City Council. We need clarification regarding your canceled Nemo Reef event arrangements at Haacklee Harbor. Please explain your documentation destruction request immediately. This relates to our newly expedited permit approvals.",Oceanus City Council (Organization),Nadia Conti (Person),Event_Communication_333,,
258,2040-10-05 09:49:00,Communication,This is Nadia Conti. My cancellation was due to scheduling conflicts with our tourism development initiatives. I wasn't aware of any permit approvals. I'll submit revised documentation for alternative sustainable tourism proposals next week.,Nadia Conti (Person),Oceanus City Council (Organization),Event_Communication_334,,
369,2040-10-07 11:57:00,Communication,"Hi Nadia, this is the Sailor Shifts Team. Received your message about permit assistance - thank you! We urgently need to discuss tomorrow's staffing requirements. Can you confirm how many additional crew members we should bring for the setup?",Sailor Shifts Team (Organization),Nadia Conti (Person),Event_Communication_520,,
370,2040-10-07 12:00:00,Communication,"Davis, Nadia here. Let's meet at 7PM at the marina office to review documentation. I've been working with alternative channels for permits. Bring all shipping manifests - we'll need to create a clean paper trail immediately.",Davis (Person),Nadia Conti (Person),Event_Communication_521,,
373,2040-10-08 08:15:00,Communication,"Nadia, Elise here. Meeting at Nemo Reef 0500 tomorrow to establish payment protocols. Sam uncovered V. Miesel shipping lanes overlapping with Mako by 40%. Neptune mentioned 'underwater foundation work' - outside our original scope. Need your assessment.",Elise (Person),Nadia Conti (Person),Event_Communication_528,Relationship_Colleagues_321,
374,2040-10-08 08:18:00,Communication,"Liam, Nadia here. Need your services urgently. Investigation brewing around Nemo Reef permits. Double your usual fee if you can ensure Harbor Master remains cooperative through next week. Meet at the usual place tomorrow, 10PM.",Nadia Conti (Person),Liam Thorne (Person),Event_Communication_529,Relationship_AccessPermission_313,
377,2040-10-08 08:24:00,Communication,"Nadia, Liam here. Meeting confirmed for tomorrow at 10PM. I've redirected Harbor Master's attention and implemented new patrol schedules that work in our favor. Council suspects nothing about Nemo Reef. Bring payment as discussed.",Liam Thorne (Person),Nadia Conti (Person),Event_Communication_535,Relationship_Colleagues_494,
378,2040-10-08 08:25:00,Communication,"Neptune, this is Nadia. Need clarity on 'underwater foundation work' at Nemo Reef. This extends beyond our agreed scope. Meet me at the marina tomorrow at 6AM to discuss implications and additional resource requirements.",Nadia Conti (Person),Neptune (Vessel),Event_Communication_536,,
379,2040-10-08 08:27:00,Communication,Neptune to Nadia. I'm aware of the foundation work concerns. We're delivering the additional heavy equipment today as requested. Will meet you at 0600 as planned to discuss resource adjustments and review modified equipment specifications that Elise has approved funding for.,Neptune (Vessel),Nadia Conti (Person),Event_Communication_537,Relationship_Colleagues_321,
380,2040-10-08 08:30:00,Communication,"Neptune, Nadia here. Just confirming our 0600 meeting at the marina. I've reviewed the modified equipment specs with The Accountant. Please bring detailed timeline for foundation work and cost implications. We need to stay under radar.",Nadia Conti (Person),Neptune (Vessel),Event_Communication_538,Relationship_Colleagues_322,
407,2040-10-08 11:21:00,Communication,"Nadia, Davis here. I'll be at the marina office at 7PM with all shipping manifests. Could you bring copies of permit #CR-7844? Marlin's asking about unusual vessel routes near eastern shoals - might need to address this.",Davis (Person),Nadia Conti (Person),Event_Communication_582,Relationship_Colleagues_551,
408,2040-10-08 11:23:00,Communication,"Marlin, Nadia here. I understand you're inquiring about eastern shoal routes. Those are temporary diversions due to equipment transport needs. I'll have Davis provide the necessary documentation tonight. Nothing to be concerned about.",Nadia Conti (Person),Marlin (Vessel),Event_Communication_584,Event_Assessment_583,
409,2040-10-08 11:26:00,Communication,"Davis, Marlin here again. Nadia mentioned you'd provide documentation about those eastern shoal diversions tonight. Just checking if that's still coming through. Need to understand these new patterns while my vessel's being repaired.",Davis (Person),Nadia Conti (Person),Event_Communication_585,Relationship_Operates_351,
786,2040-10-08 19:00:00,Collaborate,,Davis (Person),Nadia Conti (Person),,,
419,2040-10-09 08:54:00,Communication,"Nadia, Elise here. Situation escalating. Permanent underwater construction confirmed at Nemo Reef. Sam reports concrete forms suggesting structures beyond equipment installation. Need urgent clarification on real scope and V. Miesel's involvement before tomorrow's meeting. Prepare contingencies.",Elise (Person),Nadia Conti (Person),Event_Communication_601,Relationship_Suspicious_360,
465,2040-10-10 10:45:00,Communication,"Nadia, Sentinel here. Have you received any scientific data supporting the Nemo Reef closure? Our water quality tests show normal parameters. City Council claims reports are with Maritime Authority, but I suspect potential ulterior motives.",Sentinel (Vessel),Nadia Conti (Person),Event_Communication_677,Event_Monitoring_266,Vessel with transponder name 'Mako' detected near Nemo Reef protected boundary before signal loss
480,2040-10-10 12:30:00,Communication,"Nadia, Elise here. Meeting confirmed for 0500 at Nemo Reef. Sam's evidence shows clear V. Miesel connection to permanent structures. Conservation vessels increasing surveillance - could complicate our operation. Bring alternate financial channels in case we need quick adaptation.",Elise (Person),Nadia Conti (Person),Event_Communication_708,Relationship_Colleagues_321,
504,2040-10-11 09:20:00,Communication,"Nadia, Liam here. EcoVigil is questioning the ROV delay. I've redirected them to the northern quadrant, but they're suspicious about the southwest. We need to clean up operations there immediately. What's our contingency plan?",Liam Thorne (Person),Nadia Conti (Person),Event_Communication_753,Relationship_Colleagues_494,
533,2040-10-12 08:44:00,Communication,"Liam, Nadia here. Redirect all remaining operations from southwest immediately. Move equipment to our secondary location. I'll handle EcoVigil through proper channels. Meet me at the usual place at 2100 hours with updated documentation.",Nadia Conti (Person),Liam Thorne (Person),Event_Communication_795,Relationship_Colleagues_494,
539,2040-10-12 09:24:00,Communication,"Rodriguez, Davis here. Maintain current position with Mako at Nemo Reef. Security team arriving at 0600. Continue operating under permit #CR-7844 and keep tourism appearance. I'll update after meeting with Nadia tonight.",Rodriguez (Person),Nadia Conti (Person),Event_Communication_805,Relationship_Colleagues_619,
565,2040-10-12 11:14:00,Communication,Davis here to V. Miesel Shipping. Crew reallocation from Remora to Neptune underway as requested. Will maintain confidentiality regarding permit #CR-7844. Security team arrives 0600 tomorrow. Meeting Nadia tonight to finalize documentation.,Davis (Person),Nadia Conti (Person),Event_Communication_845,Relationship_Colleagues_551,
566,2040-10-12 11:17:00,Communication,V. Miesel HQ to Nadia. Need your immediate confirmation that all documentation for permit #CR-7844 is finalized before tomorrow's 0600 Nemo Reef closure. Davis mentioned meeting you tonight. Any complications we should be aware of?,V. Miesel Shipping (Organization),Nadia Conti (Person),Event_Communication_846,Relationship_AccessPermission_214,
567,2040-10-12 11:19:00,Communication,This is Nadia. Documentation for permit #CR-7844 is complete. Meeting The Middleman at 2100 to handle final details. Recommend accelerating timeline due to EcoVigil's ROV approval. Shifting operations from southwest immediately. Will update after meeting.,Nadia Conti (Person),V. Miesel Shipping (Organization),Event_Communication_847,,
581,2040-10-13 08:21:00,Communication,"Davis, Nadia here. Need you to verify final equipment transport tonight at Nemo Reef. The Middleman reports increased surveillance. Ensure all operations follow encrypted protocols. Meet me at V. Miesel HQ tomorrow at 0900 to discuss contingency plans.",Davis (Person),Nadia Conti (Person),Event_Communication_869,Relationship_Colleagues_551,
622,2040-10-14 08:34:00,Communication,"Nadia, Remora vessel reporting. All preparations for Sailor Shifts complete at south dock. Delta-3 protocols active, tourism facade maintained. Conservation vessels being monitored. Need final approval for underwater lighting placement at Nemo Reef.",Remora (Vessel),Nadia Conti (Person),Event_Communication_943,Relationship_AccessPermission_594,
